{
  "test_loss": 0.554771363735199,
  "test_accuracy": 0.8295668363571167,
  "balanced_accuracy": 0.9200143801101317,
  "top2_accuracy": 0.9745762711864406,
  "top3_accuracy": 0.9905838041431262,
  "ece": 0.04574811200413103
}